,drug_concept_id,drug_concept_name
0,1110410,Morphine
1,1713332,Amoxicillin
2,1539403,Simvastatin
3,1361711,Nitroglycerin
4,1124300,Diclofenac
5,1550557,prednisolone
6,1112807,Aspirin
7,1397599,Cisplatin
8,1328165,Diltiazem
9,923645,Omeprazole
10,1308216,Lisinopril
11,1551099,Prednisone
12,974166,Hydrochlorothiazide
13,1118084,celecoxib
14,939259,Budesonide
15,1501700,Thyroxine
16,1506270,Methylprednisolone
17,19097468,Gadopentetate.Dimeglumine
18,1378382,Paclitaxel
19,1351557,candesartan
20,734354,pregabalin
21,1503297,Metformin
22,1338005,Bisoprolol
23,19111620,Folic.Acid
24,1129625,Diphenhydramine
25,1137529,salmeterol
26,1196677,formoterol
27,1154029,Fentanyl
28,1742253,Levofloxacin
29,929887,lansoprazole
30,1334456,Ramipril
31,1125315,Acetaminophen
32,753626,Propofol
33,961047,Ranitidine
34,937368,infliximab
35,710062,Amitriptyline
36,989878,Lidocaine
37,1177480,Ibuprofen
38,948078,pantoprazole
39,1759842,Clavulanate
40,1318011,oxaliplatin
41,1112921,Ipratropium
42,19018544,Calcium
43,1154343,Albuterol
44,19003206,iopromide
45,1341927,Enalapril
46,45892906,C1.esterase.inhibitor
47,1149380,fluticasone
48,791967,Lorazepam
49,1307046,Metoprolol
50,1000560,Ondansetron
51,1518254,Dexamethasone
52,1545958,atorvastatin
53,781039,Alprazolam
54,1322184,clopidogrel
55,1734104,Azithromycin
56,975125,Hydrocortisone
57,1119119,adalimumab
58,1305058,Methotrexate
59,1308842,valsartan
60,797617,Citalopram
61,705103,lamotrigine
62,1332418,Amlodipine
63,798874,Clonazepam
64,723013,Diazepam
65,19069131,ioversol
66,1777806,Ceftriaxone
67,1314273,rituximab
68,1154161,montelukast
69,956874,Furosemide
70,19135832,Multivitamin.preparation
71,1557272,Alendronate
72,1314002,Atenolol
73,1344905,Carboplatin
74,1310149,Warfarin
75,744740,zolpidem
76,904453,Esomeprazole
77,1115008,Naproxen
78,1387104,trastuzumab
79,1510813,rosuvastatin
80,1397141,bevacizumab
81,994341,Meclizine
82,19010482,Cyclosporine
83,1174888,Hydrocodone
84,986417,POLYETHYLENE.GLYCOL.3350
85,713196,interferon.beta-1b
86,1153428,fexofenadine
87,40226742,olmesartan
88,1746940,Erythromycin
89,19071160,Perflutren
90,1189697,eletriptan
91,19137312,Thiamine
92,1551803,Fenofibrate
93,40228152,dabigatran.etexilate
94,1150871,Misoprostol
95,42709324,vitamin.D3
96,19026972,lenalidomide
97,1310317,Cyclophosphamide
98,1201620,Codeine
99,1316262,sildenafil
100,19106973,Omega-3.Fatty.Acids
101,1386957,Labetalol
102,19090767,Linseed.Oil
103,1707687,Vancomycin
104,1153013,Promethazine
105,1351541,Leuprolide
106,1398937,Clonidine
107,1336926,tadalafil
108,40239330,telaprevir
109,938268,"sennosides,.USP"
110,740275,Carbamazepine
111,1367571,Heparin
112,1597756,glimepiride
113,1315946,letrozole
114,1398399,exemestane
115,19014878,Azathioprine
116,718583,Nicotine
117,1363387,sorafenib
118,1186087,abatacept
119,1325608,pegfilgrastim
120,1101898,leflunomide
121,40002706,Acetaminophen./.Hydrocodone.Oral.Tablet
122,1580747,sitagliptin
123,1336539,sunitinib
124,705944,Methylphenidate
125,1559684,Glyburide
126,1549080,"Estrogens,.Conjugated.(USP)"
127,984232,Isotretinoin
128,1517824,Niacin
129,903963,Triamcinolone
130,755695,Fluoxetine
131,715997,donepezil
132,722031,Paroxetine
133,1110942,omalizumab
134,1547504,rosiglitazone
135,717607,Desvenlafaxine
136,743670,venlafaxine
137,1762711,Ribavirin
138,1388796,Leucovorin
139,729855,Botulinum.Toxin.Type.A
140,757352,Eszopiclone
141,1315942,docetaxel
142,1525215,pioglitazone
143,1336825,bortezomib
144,1326303,Digoxin
145,1106776,tiotropium
146,1363053,Doxazosin
147,1116031,zolmitriptan
148,718122,oxcarbazepine
149,43526424,dimethyl.fumarate
150,1115572,Beclomethasone
151,987153,Lactobacillus.acidophilus
152,1708880,Minocycline
153,1301025,Enoxaparin
154,1549786,Ethinyl.Estradiol
155,1518148,colesevelam
156,19126544,Penicillin
157,1513103,Raloxifene
158,1102527,Meperidine
159,993631,Magnesium.Oxide
160,1522957,Octreotide
161,1596977,"Regular.Insulin,.Human"
162,751246,Lithium.Carbonate
163,715259,duloxetine
164,1151789,Etanercept
165,942350,torsemide
166,1139699,butalbital
167,749910,Carisoprodol
168,997276,Cimetidine
169,780369,metaxalone
170,1351115,coenzyme.Q10
171,735979,Risperidone
172,719174,Benztropine
173,766529,Haloperidol
174,911735,rabeprazole
175,40171288,tocilizumab
176,1036228,Sucralfate
177,1704183,Lamivudine
178,957797,Psyllium
179,1321636,bosentan
180,1750500,Clarithromycin
181,1797513,Ciprofloxacin
182,1383815,Isosorbide
183,1560171,Glipizide
184,1511646,pamidronate
185,780442,varenicline
186,1512480,Ibandronate
187,19037038,Calcium.Gluconate
188,1107830,Loratadine
189,998415,Clobetasol
190,1133201,Buprenorphine
191,918906,oxybutynin
192,1550023,Insulin.Lispro
193,19049024,Potassium
194,721724,Nortriptyline
195,720810,Pramipexole
196,42900584,teriflunomide
197,922570,Nystatin
198,916943,tegaserod
199,40165377,abobotulinumtoxinA
200,997881,Clindamycin
201,1318853,Nifedipine
202,19045045,Ergocalciferol
203,920458,Betamethasone
204,920293,Nitrofurantoin
205,740910,Phenytoin
206,1560305,Omega-3.Acid.Ethyl.Esters.(USP)
207,19049105,Potassium.Chloride
208,19137042,Thalidomide
209,1367500,Losartan
210,941258,Docusate
211,1337620,capecitabine
212,719311,Dextroamphetamine
213,912263,certolizumab.pegol
214,1343916,Epinephrine
215,913782,tolterodine
216,741530,orlistat
217,1703687,Acyclovir
218,19058572,Calcium.Citrate
219,916005,Solifenacin
220,923081,Ofloxacin
221,725131,Mirtazapine
222,1343346,vinorelbine
223,19003999,mycophenolate.mofetil
224,720727,zaleplon
225,1300978,Megestrol
226,1548195,Estradiol
227,1237049,Theophylline
228,1748921,Ritonavir
229,1636780,Testosterone
230,715233,Baclofen
231,996416,Finasteride
232,19037833,Domperidone
233,1317640,telmisartan
234,778711,cyclobenzaprine
235,742267,topiramate
236,1344381,bicalutamide
237,1363749,Fosinopril
238,1707164,Metronidazole
239,1113648,nabumetone
240,1316354,Bendroflumethiazide
241,904542,Triamterene
242,1178663,Indomethacin
243,904525,bimatoprost
244,905233,Mometasone
245,757688,aripiprazole
246,1350310,cilostazol
247,906780,Metoclopramide
248,1101554,Colchicine
249,40165651,onabotulinumtoxinA
250,1154332,Pseudoephedrine
251,19035631,Calcitriol
252,1567198,"Insulin,.Aspart,.Human"
253,19090984,armodafinil
254,1308738,Vitamin.B.12
255,1705674,Trimethoprim
256,1337068,ambrisentan
257,907013,Metolazone
258,1383925,Isosorbide.Dinitrate
259,1507705,Cortisone
260,1163944,Guaifenesin
261,1777087,Hydroxychloroquine
262,1717704,valacyclovir
263,797399,gabapentin
264,1500211,Medroxyprogesterone
265,1146810,Piroxicam
266,924939,Bisacodyl
267,1552310,Progesterone
268,40226579,fingolimod
269,46221581,"insulin,.isophane"
270,1140643,Sumatriptan
271,968426,mesalamine
272,40045116,Hydrochlorothiazide./.Triamterene.Oral.Tablet
273,766814,quetiapine
274,953076,Famotidine
275,932745,Bumetanide
276,924724,Dicyclomine
277,769935,Sodium.Oxybate
278,19092849,Magnesium.Chloride
279,1153664,Propoxyphene
280,1373225,Perindopril
281,711584,Levetiracetam
282,1716903,moxifloxacin
283,19080458,eculizumab
284,734275,Phenobarbital
285,1103314,Tramadol
286,1738521,Doxycycline
287,1189754,rofecoxib
288,40222444,denosumab
289,978555,Indapamide
290,990678,Chlordiazepoxide
291,1790812,Chlorhexidine
292,40044817,Hydrochlorothiazide./.Lisinopril.Oral.Tablet
293,934075,azelastine
294,1309944,Amiodarone
295,1353228,Vitamin.B6
296,1771162,Cefazolin
297,722424,Interferon.beta-1a
298,40170680,dalfampridine
299,19009405,Vitamin.D
300,930916,Diphenoxylate
301,752061,Prochlorperazine
302,1521987,Teriparatide
303,1786621,Cephalexin
304,1304850,Filgrastim
305,19044883,zopiclone
306,1304643,darbepoetin.alfa
307,750982,Bupropion
308,1126658,Hydromorphone
309,733301,Buspirone
310,955632,Fluorouracil
311,1353766,Propranolol
312,1192710,Chlorpheniramine
313,19121608,Influenza.virus.vaccine
314,1307863,Verapamil
315,19039926,dexlansoprazole
316,1195492,Etodolac
317,1154077,rizatriptan
318,1583722,exenatide
319,1136601,benzonatate
320,19086491,standardized.senna.concentrate
321,1000632,Clotrimazole
322,19025274,Oxygen
323,1308290,Vincristine
324,19008339,Vitamin.A
325,1341238,Terazosin
326,1304107,imatinib
327,1353776,Felodipine
328,1136980,Ketorolac
329,19009540,Vitamin.E
330,987245,Lactulose
331,1373928,Hydralazine
332,19117912,Immunoglobulin.G
333,1584910,Somatropin
334,954688,latanoprost
335,1396131,ferrous.sulfate
336,1501309,thyroid.(USP)
337,703547,Trazodone
338,1331235,quinapril
339,964339,Sulfasalazine
340,1311799,Daunorubicin
341,19095164,Cholecalciferol
342,1524674,zoledronic.acid
343,1592085,Lovastatin
344,738156,Doxepin
345,1150345,meloxicam
346,44814284,Acetaminophen./.Oxycodone.Extended.Release.Oral.Tablet
347,19035704,Calcium.Carbonate
348,1360332,Glucosamine
349,992956,Magnesium.Hydroxide
350,1516800,Risedronate
351,1836430,Sulfamethoxazole
352,1338512,Doxorubicin
353,785788,olanzapine
354,1331270,Dipyridamole
355,1346823,carvedilol
356,1124957,Oxycodone
357,970250,Spironolactone
358,778474,tizanidine
359,1315411,cetuximab
360,19011773,Ascorbic.Acid
361,1760616,Quinine
362,745466,Valproate
363,732893,Bupivacaine
364,710650,modafinil
365,1335471,benazepril
366,836715,Temazepam
367,1784444,Ivermectin
368,800878,Clozapine
369,1394023,nilotinib
370,704943,Methocarbamol
371,713823,ropinirole
372,19124906,Magnesium
373,1797155,peginterferon.alfa-2b
374,708298,Midazolam
375,1167322,Allopurinol
376,967823,Sodium.Chloride
377,1754994,Fluconazole
378,1134439,Caffeine
379,1502905,Insulin.Glargine
380,1149196,Cetirizine
381,1551860,Pravastatin
382,1314577,nebivolol
383,19080226,milnacipran
384,924566,tamsulosin
385,751889,Glatiramer
386,735843,natalizumab
387,777221,Hydroxyzine
388,1741309,terbinafine
389,1347384,irbesartan
390,1436678,Tamoxifen
391,19122121,Insulin
392,715939,Escitalopram
393,1360067,Iron
394,1301152,Melatonin
395,712615,ziprasidone
396,1526475,ezetimibe
397,1340128,Captopril
398,1103006,desloratadine
399,739138,Sertraline
400,1301125,Epoetin.Alfa
401,1796458,cefdinir
402,1103374,valdecoxib
403,1714165,peginterferon.alfa-2a
404,1348265,anastrozole
405,1589505,Levonorgestrel
406,950637,Tacrolimus
407,40147374,Sulfamethoxazole./.Trimethoprim.Oral.Solution
408,1537655,salmon.calcitonin
409,991876,Loperamide
410,40131393,Chondroitin.Sulfates./.Glucosamine.Oral.Tablet
411,1314924,gemcitabine
412,19010970,Vitamin.B.Complex
413,1558242,Gemfibrozil
414,40003695,Acetaminophen./.Codeine.Oral.Tablet
415,19087090,Amantadine
416,1103640,Methadone
417,1710612,Zidovudine
418,1781406,Stavudine
419,1715472,Nelfinavir
420,1710281,tenofovir.disoproxil
421,1769389,Nevirapine
422,1738135,efavirenz
423,1736971,abacavir
424,1724869,Didanosine
425,1313200,Nadolol
426,44817909,Acetaminophen./.Codeine.Effervescent.Oral.Tablet
427,789578,Levodopa
428,19047423,abciximab
429,1786055,deferasirox
430,1377141,hydroxyurea
431,733523,rivastigmine
432,988095,Ursodeoxycholate
433,19035344,Phenprocoumon
434,794852,Chlorpromazine
435,1308473,tinzaparin
436,701322,Memantine
437,1717240,Amphotericin.B
438,19113013,fluindione
439,40241331,rivaroxaban
440,1354118,Epoprostenol
441,1367268,irinotecan
442,909358,Cyclizine
443,907879,Miconazole
444,1185922,Ketoprofen
445,1319193,gefitinib
446,1799139,Oseltamivir
447,1350504,Etoposide
448,19059796,Gliclazide
449,1327256,Treprostinil
450,1315865,fondaparinux
451,1595799,Ferrous.fumarate
452,1322199,eptifibatide
453,1325363,erlotinib
454,19071936,loxoprofen
455,1709170,meropenem
456,40166942,Calcium.Chloride./.Glucose./.Lactate./.Magnesium.Chloride./.Sodium.Chloride.Intraperitoneal.Solution
457,19014977,Nicorandil
458,19047135,placebo
459,40020053,Calcium.Carbonate./.Vitamin.D.Oral.Tablet
460,952004,sevelamer
461,955372,Ethanol
462,1311078,Cytarabine
463,1304919,pemetrexed
464,19011440,everolimus
465,1301065,Dalteparin
466,724816,Oxazepam
467,19005626,Trimetazidine
468,1301267,Melphalan
469,1302398,Ticlopidine
470,1000772,Granisetron
471,40077118,Piperacillin./.tazobactam.Injectable.Solution
472,985247,Aluminum.Hydroxide
473,930021,alfuzosin
474,1347450,alteplase
475,19024063,Acenocoumarol
476,40241186,Ticagrelor
477,1337860,Dopamine
478,1337720,Dobutamine
479,1135766,Phenylephrine
480,19038440,basiliximab
481,1344143,"Albumin.Human,.USP"
482,782043,Isoflurane
483,19034726,Sirolimus
484,1136487,ropivacaine
485,917006,Benzocaine
486,1139042,Acetylcysteine
487,1318137,Nicardipine
488,19012598,Vecuronium
489,836208,Succinylcholine
490,1703063,valganciclovir
491,939506,Sodium.Bicarbonate
492,1778162,Cefuroxime
493,19016749,remifentanil
494,19021129,Nitrous.Oxide
495,19054242,Protamine.Sulfate.(USP)
496,1350066,Carmustine
497,717136,Neostigmine
498,1750087,Povidone-Iodine
499,902722,Tobramycin
500,19112635,Morphine.Liposomal
501,19084670,bivalirudin
502,19081224,Iopamidol
503,1757803,Ganciclovir
504,19003953,Rocuronium
505,19003472,Rabbit.anti-human.T-lymphocyte.globulin
506,1746114,Piperacillin
507,1321341,Norepinephrine
508,45892419,Gentamicin
509,1736887,linezolid
510,19039298,sevoflurane
511,963353,Glycopyrrolate
512,19078219,Sufentanil
513,914335,Atropine
514,1395557,fludarabine
515,19080985,Iohexol
516,19000729,Aprotinin
517,19050488,Etomidate
518,700253,Thiopental
519,19002770,desflurane
520,19015726,Cisatracurium
521,19093848,Magnesium.Sulfate
522,1143374,Ephedrine
523,1714277,voriconazole
524,742185,atomoxetine
525,1712889,raltegravir
526,1756831,darunavir
527,1703069,emtricitabine
528,1749301,Ethambutol
529,1782521,isoniazid
530,40081388,Sulfamethoxazole./.Trimethoprim.Oral.Tablet
531,1748975,cefepime
532,1759455,Pyrazinamide
533,1763204,Rifampin
534,911354,palonosetron
535,1192218,Levalbuterol
536,1341149,temozolomide
537,1717327,Ampicillin
538,985708,Ketoconazole
539,902427,Timolol
540,1516766,repaglinide
541,1335606,Disopyramide
542,1337107,ranolazine
543,1354860,Flecainide
544,40239216,Linagliptin
545,19030353,Bromazepam
546,757627,Galantamine
547,1544838,"Insulin,.Glulisine,.Human"
548,1742432,tigecycline
549,19022956,Bezafibrate
550,1747005,cefditoren
551,19015802,lercanidipine
552,19007977,lormetazepam
553,1436650,mercaptopurine
554,991382,Amiloride
555,40170911,liraglutide
556,1303425,Tranexamic.Acid
557,990760,Lipase
558,1790868,Amikacin
559,724908,Biperiden
560,19011339,mosapride
561,1353256,Propafenone
562,40002849,Acetaminophen./.Tramadol.Oral.Tablet
563,1510202,miglitol
564,19005570,Trimeprazine
565,40166035,saxagliptin
566,904639,Trichlormethiazide
567,19016463,Benserazide
568,1396012,ferrous.gluconate
569,19026180,Digitoxin
570,1370109,Sotalol
571,1513849,"Insulin,.Zinc,.Human"
572,1529331,Acarbose
573,1331247,Pentoxifylline
574,751412,Fluvoxamine
575,19009025,mecobalamin
576,951469,calcium.acetate
577,1548111,cinacalcet
578,1517998,Pramlintide
579,19039262,brotizolam
580,46234437,ivabradine
581,19041843,Carbocysteine
582,40046143,Glyburide./.Metformin.Oral.Tablet
583,1549686,fluvastatin
584,1395058,Chlorthalidone
585,19122137,vildagliptin
586,19124477,Lithium
587,1555120,Fludrocortisone
588,704599,Triazolam
589,1516976,insulin.detemir
590,42899937,polyethylene.glycol.4000
591,19101849,urapidil
592,1703653,Itraconazole
593,1560524,Glucose
594,19115050,rilmenidine
595,1504620,Methimazole
596,915542,brimonidine
597,981709,dorzolamide
598,40103241,Acetaminophen./.Propoxyphene.Extended.Release.Oral.Tablet
599,1560278,Glucagon
600,43012210,geranylgeranylacetone
601,1789276,gatifloxacin
602,19078126,Sodium.polystyrene.sulfonate
603,40165636,pitavastatin
604,19043191,tulobuterol
605,1502826,nateglinide
606,19010493,Xipamide
607,1502877,mecasermin
608,1350489,Prazosin
609,19055224,Flunitrazepam
610,989482,Dutasteride
611,40045128,Hydrochlorothiazide./.valsartan.Oral.Tablet
612,1342439,trandolapril
613,19014202,Alfacalcidol
614,1317967,aliskiren
615,40242675,crizotinib
616,1517070,desmopressin
617,1309188,Mitoxantrone
618,40167554,pazopanib
619,991825,Trospium
620,1304044,fulvestrant
621,1359548,lapatinib
622,40239056,abiraterone
623,19024770,Biotin
624,798834,Clomipramine
625,951511,Mupirocin
626,1136422,levocetirizine
627,40238770,boceprevir
628,1729720,Penicillin.V
629,46221746,polyethylene.glycol.9000
630,1727223,Atazanavir
631,1517740,paricalcitol
632,45892916,Carbidopa./.Levodopa.Oral.Suspension
633,19010696,Zinc
634,1236744,Terbutaline
635,740560,Carbidopa
636,19027958,fesoterodine
637,915855,olopatadine
638,916230,darifenacin
639,40164052,Asenapine
640,42900250,enzalutamide
641,1703603,famciclovir
642,19057607,Amisulpride
643,933724,Phenazopyridine
644,1196514,flunisolide
645,1308368,Midodrine
646,19051649,doxorubicin.liposome
647,19136626,Sulpiride
648,1110727,Cyproheptadine
649,40163615,dronedarone
650,705178,Trihexyphenidyl
651,40241937,Vemurafenib
652,19050832,clobazam
653,923672,Hyoscyamine
654,936748,aprepitant
655,965748,Scopolamine
656,966991,Simethicone
657,950696,Nizatidine
658,836877,Tetrabenazine
659,1366310,Goserelin
660,19045272,Miglustat
661,43013024,apixaban
662,945286,Pilocarpine
663,1326115,Oxytocin
664,1114220,Naloxone
665,19031397,Dipyrone
666,759740,Pyridostigmine
667,766209,Selegiline
668,19020021,Nitrazepam
669,778268,Imipramine
670,703244,paliperidone
671,19095309,Cholestyramine.Resin
672,19113756,Ibadronate
673,782211,entacapone
674,19100985,panitumumab
675,751347,Primidone
676,19087394,lacosamide
677,1344354,Epirubicin
678,744798,zonisamide
679,19088328,alglucosidase.alfa
680,790253,clorazepate
681,792263,Loxapine
682,1333357,Busulfan
683,786426,Rotigotine
684,705755,Trimipramine
685,19050375,ciprofibrate
686,19050461,Prazepam
687,1588000,Desogestrel
688,1377023,Hydroxocobalamin
689,735340,Phentermine
690,19001311,epoetin.beta
691,19002431,Tilidine
692,19002800,tropisetron
693,1554072,Propylthiouracil
694,1553610,Levocarnitine
695,1552929,Etidronate
696,1777417,Rifabutin
697,928744,Dimenhydrinate
698,929435,Acetazolamide
699,929638,Acitretin
700,925636,Oxymetazoline
701,925952,Oxytetracycline
702,926487,Pancreatin
703,927478,pramoxine
704,19049228,Estrogens
705,932196,Cisapride
706,40144024,fluticasone./.salmeterol.Metered.Dose.Inhaler
707,1758392,telbivudine
708,1758536,etravirine
709,19003201,iodixanol
710,40140541,Amlodipine./.valsartan.Oral.Tablet
711,40144020,fluticasone./.salmeterol.Dry.Powder.Inhaler
712,19041065,golimumab
713,1308432,sargramostim
714,40142665,Albuterol./.Ipratropium.Metered.Dose.Inhaler
715,1598819,Clomiphene
716,1189490,dichloralphenazone
717,1189596,dihydrocodeine
718,1189458,frovatriptan
719,19037989,Dothiepin
720,1188114,dexchlorpheniramine
721,19054821,clofarabine
722,19053979,Fenoterol
723,19052896,Deoxycholate
724,1350040,Amifostine
725,1349025,Estramustine
726,42873635,lorcaserin
727,42873636,mirabegron
728,40163718,prasugrel
729,40163710,pneumococcal.capsular.polysaccharide.type.9V.vaccine
730,42799711,Gemtuzumab.ozogamicin
731,42801287,pertuzumab
732,42873638,carfilzomib
733,19012925,silodosin
734,42899255,Gadolinium
735,42873639,aclidinium
736,1836241,Sulbactam
737,1702911,telithromycin
738,1701928,Activated.Charcoal
739,42709327,peginesatide
740,19012585,ASPARAGINASE
741,1139179,bromfenac
742,19054936,Floxacillin
743,1315027,Cranberry.preparation
744,923829,Opium
745,924151,Pentosan.Polysulfate
746,40241969,brentuximab.vedotin
747,19000498,Mefloquine
748,1836948,Tetracycline
749,1314865,Azacitidine
750,40150387,Ascorbic.Acid./.Biotin./.Calcium.Carbonate./.Cupric.oxide./.Ferrous.fumarate./.Folic.Acid./.Magnesium.Oxide./.Niacinamide./.Pantothenic.Acid./.Riboflavin./.Thiamine./.Vitamin.A./.Vitamin.B.12./.Vitamin.B6./.Vitamin.E./.Zinc.Oxide.Oral.Tablet
751,42706008,Calcium.Carbonate./.vitamin.D3.Chewable.Tablet
752,42705655,Bifidobacterium.bifidum./.Bifidobacterium.lactis./.Lactobacillus.acidophilus./.Lactobacillus.casei.rhamnosus.Oral.Capsule
753,40161532,ustekinumab
754,42709318,Tocopherol
755,1369939,6-Aminocaproic.Acid
756,40244464,ruxolitinib
757,19012346,eltrombopag
758,19012565,Mycophenolic.Acid
759,42709322,axitinib
760,1368671,Milrinone
761,42709321,vismodegib
762,1348407,imiglucerase
763,1596779,"synthetic.conjugated.estrogens,.A"
764,19051096,cloxazolam
765,40244266,aflibercept
766,739363,sibutramine
767,739323,Droperidol
768,1378509,Topotecan
769,1346686,eprosartan
770,19101604,Cod.Liver.Oil
771,976545,potassium.citrate
772,1774470,Cefotaxime
773,1125765,Oxymorphone
774,1344992,Iloprost
775,1344965,Guanfacine
776,19021959,Sapropterin
777,1125443,Dornase.Alfa
778,1125449,pirbuterol
779,19022131,Fosaprepitant.dimeglumine
780,1776684,Ceftazidime
781,1126128,Diflunisal
782,1126557,Dihydroergotamine
783,1345858,Pindolol
784,977968,sodium.citrate
785,976778,hydroquinone
786,19103699,gadodiamide
787,19020124,BETAHISTINE
788,40223205,Acetaminophen./.Tramadol.Oral.Capsule
789,1511449,Danazol
790,40009527,Amphetamine./.Dextroamphetamine.Oral.Tablet
791,40010561,Atenolol./.Chlorthalidone.Oral.Tablet
792,40006795,Albuterol./.Ipratropium.Inhalant.Solution
793,40007380,Amiloride./.Hydrochlorothiazide.Oral.Tablet
794,40008942,Amlodipine./.benazepril.Oral.Capsule
795,40007851,Aluminum.Hydroxide./.magnesium.trisilicate.Oral.Tablet
796,704984,Trifluoperazine
797,1558471,cabergoline
798,1105775,Aminophylline
799,40004012,Acetaminophen./.butalbital./.Caffeine.Oral.Solution
800,19100761,Felbinac
801,19100431,sultopride
802,711714,Dantrolene
803,19106287,Vitamin.K.2
804,19011130,Normal.saline
805,19011331,Barium.Sulfate
806,19019317,pantethine
807,19011355,etoricoxib
808,19019620,Benzydamine
809,19008264,Vinblastine
810,19011035,Lactate
811,19011034,Citrate
812,19011093,Tenofovir
813,1152631,Cromolyn
814,1133732,Butorphanol
815,756018,Fluphenazine
816,756349,Flurazepam
817,19011097,Propionate
818,986117,Ketotifen
819,19006410,Arginine
820,19032407,romiplostim
821,1387426,Folate
822,19007737,Mianserin
823,1390051,Chlorambucil
824,950183,Lactase
825,1389885,red.yeast.rice
826,948555,alosetron
827,1389036,Mitomycin
828,1389780,methylsulfonylmethane
829,950098,ciclopirox
830,949279,Carboxymethylcellulose
831,948490,Polyethylene.Glycol.400
832,40224095,sipuleucel-T
833,1391889,Ginkgo.biloba.extract
834,1391307,Saw.palmetto.extract
835,724394,Orphenadrine
836,19011021,moxonidine
837,40238188,ipilimumab
838,40234834,vilazodone
839,1309799,eplerenone
840,40054620,ezetimibe./.Simvastatin.Oral.Tablet
841,955252,Fluocinonide
842,1309770,Aldesleukin
843,1137460,Salsalate
844,40238052,Vandetanib
845,40051161,Lamivudine./.Zidovudine.Oral.Tablet
846,954819,cevimeline
847,981774,adapalene
848,40045119,Hydrochlorothiazide./.irbesartan.Oral.Tablet
849,40234201,butylscopolamine
850,1769535,Cefadroxil
851,40236897,Roflumilast
852,19097463,gadoteridol
853,19095467,ethyl.loflazepate
854,40057995,drospirenone./.Ethinyl.Estradiol.Oral.Tablet
855,1309068,Minoxidil
856,1309204,Adenosine
857,1309161,Mitotane
858,955583,Fluorometholone
859,40236987,belimumab
860,40042037,Estradiol./.Norethindrone.Oral.Tablet
861,1395573,Chondroitin.Sulfates
862,1395773,iron.sucrose
863,40020072,Calcium.Carbonate./.Vitamin.D.Oral.Wafer
864,40026728,Desogestrel./.Ethinyl.Estradiol.Oral.Tablet
865,1103552,almotriptan
866,19023835,"BCG,.Live,.Connaught.Strain"
867,40039762,Ethinyl.Estradiol./.Levonorgestrel.Oral.Tablet
868,40039807,Ethinyl.Estradiol./.norgestimate.Oral.Tablet
869,40029854,Codeine./.Promethazine.Oral.Solution
870,19031224,Pentostatin
871,981691,imiquimod
872,40044821,Hydrochlorothiazide./.Losartan.Oral.Tablet
873,40044834,Hydrochlorothiazide./.olmesartan.Oral.Tablet
874,19030493,Bromhexine
875,1768849,Cefaclor
876,40231628,tesamorelin
877,40231387,Metformin./.saxagliptin.Extended.Release.Oral.Tablet
878,40230761,lurasidone
879,40230712,eribulin
880,19033354,Petrolatum
881,714684,nefazodone
882,40128015,lopinavir./.Ritonavir.Oral.Tablet
883,938044,brinzolamide
884,1197677,Clemastine
885,937791,bismuth.subsalicylate
886,40131388,Chondroitin.Sulfates./.hyaluronate.Injectable.Solution
887,1310353,Lutein
888,1197736,Mefenamate
889,1310756,moexipril
890,937439,Bethanechol
891,40129571,fexofenadine./.Pseudoephedrine.Extended.Release.Oral.Tablet
892,714785,Amphetamine
893,19041910,tianeptine
894,1236607,Sulindac
895,1343039,Triptorelin
896,19008994,mebeverine
897,940426,calcium.polycarbophil
898,939881,Capsaicin
899,939871,sodium.phosphate
900,1312706,alemtuzumab
901,1379969,Interferon.Alfa-2a
902,1312007,dehydroepiandrosterone
903,19041746,tetrazepam
904,936429,efalizumab
905,40240664,indacaterol
906,934262,balsalazide
907,1111706,zafirlukast
908,1111220,arformoterol
909,19137031,Ispaghula.husk
910,1380191,Interferon.gamma-1b
911,1380068,Interferon.Alfa-2b
912,1525746,agalsidase.beta
913,738818,Doxylamine
914,1311276,vardenafil
915,19041813,thiocolchicoside
916,1525278,estropipate
917,19135931,Cyanocobalamin.Co57
918,1311443,Dactinomycin
919,1381661,Iron-Dextran.Complex
920,19136097,Bifidobacterium.Infantis
921,1311409,Dacarbazine
922,19135939,Ferrous.citrate.Fe59
923,19005046,pyridoxine
924,735951,Riluzole
925,735850,Disulfiram
926,19019131,Magnesium.Aspartate
927,19005061,ziconotide
928,19005512,Trimebutine
929,19044522,Zinc.Sulfate
930,19043959,acamprosate
931,19044727,Vitamin.K.1
932,1563600,Chorionic.Gonadotropin
933,1001419,Cocaine
934,19041933,tibolone
935,19042345,Lecithin
936,1300751,Polysaccharide.iron.complex
937,40097202,abacavir./.Lamivudine.Oral.Tablet
938,942799,trimethobenzamide
939,943634,epinastine
940,941577,tetrahydrozoline
941,941472,terconazole
942,1037005,Tetrahydrocannabinol
943,1329241,Bleomycin
944,966282,Selenium
945,44816294,apremilast
946,19078187,Ifosfamide
947,19048493,gadobutrol
948,967861,magnesium.citrate
949,702865,Meprobamate
950,702774,Mepivacaine
951,19018517,azosemide
952,1360421,Quinidine
953,1169352,alpha.1-Antitrypsin
954,45776270,Buprenorphine./.Naloxone.Buccal.Film
955,967562,loteprednol.etabonate
956,45775965,pembrolizumab
957,787787,hyaluronate
958,966956,silver.sulfadiazine
959,1307542,Mexiletine
960,19122997,Coral.Calcium
961,19078399,Teicoplanin
962,45775372,dabigatran
963,19122327,imidapril
964,1541079,Corticotropin
965,961145,Glycerin
966,1542948,Follitropin.Alfa
967,43532299,dabrafenib
968,43531966,Immunoglobulin.A
969,43526465,canagliflozin
970,19088167,Ambroxol
971,1326481,pegaspargase
972,1399177,Sodium.ferric.gluconate.complex
973,1711759,Dapsone
974,904356,Methenamine
975,1711947,Deferoxamine
976,19072087,metopimazine
977,19124969,Amino.Acids
978,44507580,Macitentan
979,44507700,vortioxetine
980,19072152,morniflumate
981,731533,dexmethylphenidate
982,730548,Bromocriptine
983,1711246,entecavir
984,43532497,trametinib
985,1797258,Cilastatin
986,44506752,riociguat
987,43560392,ferric.carboxymaltose
988,1711523,Indinavir
989,43560385,dolutegravir
990,19125388,Menotropins
991,43533090,Afatinib
992,1130585,Pentazocine
993,1362979,dofetilide
994,994058,Mannitol
995,993979,Malathion
996,19015602,Nefopam
997,1781733,Atovaquone
998,709567,Lisdexamfetamine
999,781182,ramelteon
1000,19018013,micafungin
1001,44785829,dapagliflozin
1002,785649,Ketamine
1003,903643,Tretinoin
1004,44785086,simeprevir
1005,19076414,Potassium.Acetate
1006,19017742,febuxostat
1007,903459,Dolasetron
1008,716968,Desipramine
1009,19017581,Plerixafor
1010,1118117,naratriptan
1011,44785094,sofosbuvir
1012,19025115,picosulfate.sodium
1013,902938,ciclesonide
1014,44507848,Ibrutinib
1015,44784981,Technetium.Tc.99m.Sestamibi
1016,901656,Menthol
1017,19024535,carbazochrome
1018,837027,Apomorphine
1019,901845,Colistin
1020,703470,Tranylcypromine
1021,733008,Perphenazine
1022,902251,hypromellose
1023,19078097,Idarubicin
1024,19077093,propiverine
1025,970011,Sorbitol
1026,989727,dihydroxyaluminum.sodium.carbonate
1027,19049038,Estriol
1028,987366,lubiprostone
1029,19026459,tapentadol
1030,715458,tiagabine
1031,1156378,Flurbiprofen
1032,1738170,lopinavir
1033,1738366,cefprozil
1034,1354698,Mesna
1035,1145379,Ergotamine
1036,1119510,Dextromethorphan
1037,1521369,Norethindrone
1038,1123995,metaproterenol
1039,1503432,pegvisomant
1040,1503501,lanreotide
1041,1787101,maraviroc
1042,1505346,Triiodothyronine
1043,1724700,Foscarnet
1044,1717963,ertapenem
1045,1721543,Norfloxacin
1046,1724666,Dicloxacillin
1047,1718054,Caspofungin
1048,1735947,rifaximin
1049,1736829,fosamprenavir
1050,1333379,arsenic.trioxide
1051,795113,Chlorzoxazone
1052,700465,Thiothixene
1053,1730370,Pentamidine
1054,1512446,Doxercalciferol
1055,715710,rasagiline
1056,1728416,Penicillin.G
1057,1729323,adefovir
1058,1501617,Colestipol
1059,19024728,decitabine
1060,700299,Thioridazine
1061,1736999,tipranavir
1062,535714,Rho(D).Immune.Globulin
1063,19010400,Fusidate
1064,1792515,Chloroquine
1065,1437379,Thioguanine
1066,1714319,Naltrexone
1067,1716721,gemifloxacin
1068,1715117,Aztreonam
1069,1786617,Daptomycin
1070,1358436,dasatinib
1071,19009705,lenograstim
1072,40167582,ofatumumab
1073,733896,Phenelzine
1074,40169802,Lidocaine./.Prilocaine.Mucous.Membrane.Topical.Solution
1075,19113045,Heparinoids
1076,40168303,levoleucovorin
1077,40168296,krill.oil
1078,19080550,CHROMIUM.PICOLINATE
1079,19010128,Vitamin.K
1080,1717002,enfuvirtide
1081,1305637,Methylergonovine
1082,19010309,Water
1083,1305447,Methyldopa
1084,19086888,deflazacort
1085,1352213,Factor.VIII
1086,1792429,Proguanil
1087,991710,"Sodium.Phosphate,.Dibasic"
1088,990028,lanthanum.carbonate
1089,990340,Pancrelipase
1090,19080982,ranibizumab
1091,19009819,Molsidomine
1092,43012417,pasireotide
1093,1551673,"Estrogens,.Esterified.(USP)"
1094,911891,Fiber
1095,1322081,Betaxolol
1096,19092377,Lysine
1097,19045290,Evening.primrose.oil
1098,43012292,cabozantinib
1099,43014237,pomalidomide
1100,906914,Urea
1101,43013119,lomitapide
1102,43013171,teduglutide
1103,1749008,cefpodoxime
1104,908921,calcipotriene
1105,908523,Mineral.Oil
1106,909959,alefacept
1107,909841,methylnaltrexone
1108,908126,Vidarabine
1109,43013182,ponatinib
1110,40171826,WHEAT.DEXTRIN
1111,42900505,linaclotide
1112,42900401,bosutinib
1113,42900359,Calcitonin
1114,42900311,"cinnamon.oil,.leaf"
1115,42900451,orange.oil
1116,1337651,Vorinostat
1117,19056402,amphotericin.B.liposomal
1118,42899536,Oil.of.garlic
1119,42899537,Oil.of.ginger
1120,40163731,ferumoxytol
1121,922868,Permethrin
1122,40222431,cabazitaxel
1123,1753745,Albendazole
1124,19059547,Potassium.gluconate
1125,1704139,posaconazole
1126,19092845,temsirolimus
1127,19059097,Cholesterol
1128,915175,Bacitracin
1129,42904205,tofacitinib
1130,918172,Benzoyl.Peroxide
1131,917205,Desonide
1132,19058410,degarelix
1133,19058274,Purified.Protein.Derivative.of.Tuberculin
1134,1319998,Acebutolol
1135,42903460,regorafenib
1136,915935,Pimecrolimus
1137,915981,Neomycin
1138,916662,dimethicone
1139,1319880,Nisoldipine
1140,1519936,Etonogestrel
1141,19025348,ixabepilone
1142,19030059,alginic.acid
1143,19036781,Calcium.Chloride
1144,19071128,Copper
1145,1326012,Isradipine
1146,1151422,Probenecid
1147,19036797,tolvaptan
1148,19015523,bendamustine
1149,1118045,oxaprozin
1150,1781314,interferon.alfacon-1
1151,1746244,Saquinavir
1152,40171076,sodium.selenate
1153,19090761,regadenoson
1154,1130863,Brompheniramine
1155,19089496,gadoversetamide
1156,987128,Lactobacillus
1157,1708748,Zanamivir
1158,1780601,Iodine
1159,986790,Azelate
1160,905371,Methylcellulose
1161,19068830,ibritumomab.tiuxetan
1162,906072,Tropicamide
1163,19068821,clotiazepam
1164,19068900,MYCOPHENOLATE
1165,996625,Fluorescein
1166,19045317,digoxin.antibodies.Fab.fragments
1167,43525900,turmeric.oil
1168,43526404,gadoterate.meglumine
1169,1508439,Mifepristone
1170,43525787,ado-trastuzumab.emtansine
1171,19059817,Pyridoxal
1172,19063297,thyrotropin.alfa
1173,19061821,Chromium
1174,19067971,MAGNESIUM.GLUCONATE
1175,19066992,Silymarin
1176,19069022,Sodium.Fluoride
1177,1322207,argatroban
1178,19029306,Acetate
1179,1114122,Nalbuphine
1180,904501,travoprost
1181,19070224,Soybean.Oil
1182,748010,Estazolam
1183,19069425,nimesulide
1184,19125582,iodine.povacrylex
1185,1114375,anakinra
1186,19010886,Zuclopenthixol
1187,924309,Phenolphthalein
1188,19051234,cyamemazine
1189,752276,Procyclidine
1190,19068839,Hexetidine
1191,1586226,Cerivastatin.sodium
1192,19055217,Carbomer
1193,40224705,autologous.cultured.chondrocytes
1194,40161669,canakinumab
1195,19098548,Tenecteplase
1196,19098979,Lactated.Ringer's.Solution
1197,732309,Pergolide
1198,19024191,Reteplase
1199,1381253,anagrelide
1200,19068715,monofluorophosphate
1201,43532539,vilanterol
1202,44785026,drospirenone./.Estradiol.Oral.Tablet
1203,19015768,Methoxy.polyethylene.glycol-epoetin.beta
1204,1356461,Flutamide
1205,19084915,Karaya.Gum
1206,19014341,Atracurium
1207,19002912,nelarabine
1208,19020068,Nitric.Oxide
1209,40037958,"Estrogens,.Conjugated.(USP)./.Medroxyprogesterone.Oral.Tablet"
1210,40239665,belatacept
1211,19020002,Vigabatrin
1212,19036892,Daclizumab
1213,537647,palivizumab
1214,19026343,danaparoid
1215,19137385,Thiotepa
1216,19001014,Nadroparin
1217,948582,Polymyxin.B
1218,1773402,Cefoperazone
1219,1713905,doripenem
1220,1731597,drotrecogin.alfa
1221,40027584,Cilastatin./.Imipenem.Injectable.Solution
1222,19136207,"Lymphocyte.Immune.Globulin,.Anti-Thymocyte.Globulin"
1223,19041222,Phloroglucinol
1224,40223496,Cilastatin./.Imipenem.Injectable.Suspension
1225,1778262,Imipenem
1226,1741122,tazobactam
1227,19051271,Cefotiam
1228,1352141,Factor.VIIa
1229,1351779,Procarbazine
1230,40031530,Diosmin./.Hesperidin.Oral.Tablet
1231,40172153,collagenase.Clostridium.histolyticum
1232,40142669,Amlodipine./.olmesartan.Oral.Tablet
1233,40166571,bepotastine
1234,19132890,Strontium-89
1235,1747157,Delavirdine
1236,912803,Verteporfin
1237,947416,tazarotene
1238,42709320,ingenol.mebutate
1239,19019698,Canrenone
1240,980955,docosanol
1241,940864,Econazole
1242,964407,Salicylic.Acid
1243,1796435,Cefixime
1244,44814271,ANTIOXIDANT.119
1245,1760039,Pyrimethamine
1246,19092433,ebastine
1247,917336,Desoximetasone
1248,991003,retapamulin
1249,19049145,Celiprolol
1250,19125201,Pristinamycin
1251,40156435,adapalene./.Benzoyl.Peroxide.Topical.Gel
1252,1036525,Sulfur
1253,19091830,Lofepramine
1254,19080512,Articaine
1255,19029644,acipimox
1256,731188,quazepam
1257,19016754,Benzbromarone
1258,19063874,Roxithromycin
1259,19018352,Nicergoline
1260,19010652,Moclobemide
1261,19010792,Cyproterone
1262,713109,Amoxapine
1263,40131077,Amoxicillin./.Clavulanate.Oral.Suspension
1264,1543229,Laronidase
1265,19054825,Cladribine
1266,19031583,gadoxetate
1267,42898624,Barium
1268,19022596,Diatrizoate
1269,19091430,idursulfase
1270,19089579,difluprednate
1271,19005129,Clobetasone
1272,42874246,icosapent.ethyl
1273,1836391,Sulfadiazine
1274,40009679,Ampicillin./.Sulbactam.Injectable.Solution
1275,1188052,dexbrompheniramine
1276,996541,fluocinolone
1277,1713930,Nafcillin
1278,19069873,Sodium.Iodide
1279,43525773,Ospemifene
1280,19028947,Dimethindene
1281,713192,fosphenytoin
1282,1351461,Procainamide
1283,1724703,Oxacillin
1284,992590,Chlorothiazide
1285,1326901,Papaverine
1286,1745072,Cidofovir
1287,19095721,Fenoldopam
1288,1300673,Thrombin
1289,1338985,Nesiritide
1290,19026674,Pancuronium
1291,19039639,buflomedil
1292,19123864,Canrenoate
1293,19063575,esmolol
1294,19061088,Dexmedetomidine
1295,19020994,Nitroprusside
1296,19018403,racecadotril
1297,1784749,Kanamycin
1298,40239995,ezogabine
1299,1329415,Dinoprostone
1300,19077143,17-alpha-Hydroxyprogesterone
1301,1755112,Flucytosine
1302,1381504,Alprostadil
1303,40039793,Ethinyl.Estradiol./.Norgestrel.Oral.Tablet
1304,19026450,anidulafungin
1305,1304565,Rasburicase
1306,911064,Zinc.Oxide
1307,19046939,Clavulanic.Acid
1308,991855,Saccharomyces.boulardii
1309,990069,Chloramphenicol
1310,19136028,Saccharomyces.cerevisiae
1311,982105,Saccharomyces.boulardii.lyo
1312,40239985,fidaxomicin
1313,988294,dexpanthenol
1314,19122437,Lactobacillus.rhamnosus.GG
1315,19027362,potassium.phosphate
1316,19029488,Diosmin
1317,956653,Fosfomycin
1318,40010968,Atropine./.Diphenoxylate.Oral.Tablet
1319,40091379,Tegafur./.Uracil.Oral.Capsule
1320,19070251,Spiramycin
1321,19020061,Nitrendipine
1322,19053540,iobitridol
1323,40039681,Furosemide./.Spironolactone.Oral.Tablet
1324,19071995,manidipine
1325,45775351,bicarbonate.ion
1326,19014035,Nafronyl
1327,40004013,Acetaminophen./.butalbital./.Caffeine.Oral.Tablet
1328,19040606,Carbimazole
1329,19056874,Dexketoprofen
1330,704053,Methamphetamine
1331,40175460,Cytarabine.liposome
1332,942028,tioconazole
1333,46234321,Dextromethorphan./.Menthol./.Phenylephrine.Oral.Solution
1334,19136187,Streptokinase
1335,19017067,tirofiban
1336,1536743,ganirelix
1337,1139993,Phenylpropanolamine
1338,19058092,Gelatin
1339,19050016,Ethiodized.Oil
1340,19078649,galsulfase
1341,42709323,ivacaftor
1342,45776789,"Influenza.A.virus.vaccine,.A-California-7-2009.(H1N1)-like.virus./.Influenza.A.virus.vaccine,.A-Victoria-361-2011.(H3N2)-like.virus./.Influenza.B.virus.vaccine,.B-Massachusetts-2-2012-like.virus./.Influenza.Virus.Vaccine,.Live.Attenuated,.B-Brisbane-60-20"
1343,19115051,risedronic.acid
1344,19053565,periciazine
1345,19008336,Vindesine
1346,44507676,obinutuzumab
1347,19062817,Riboflavin
1348,19113063,nilvadipine
1349,950933,Castor.Oil
1350,19112899,ziconotide.acetate
1351,19059528,Alfentanil
1352,19035533,benfluorex
1353,40239290,pimobendan
1354,19069103,ifenprodil
1355,44814542,Droxidopa
1356,19081316,Ioxaglate
1357,19004539,lacidipine
1358,1319133,Nimodipine
1359,40242716,Epinephrine./.Lidocaine.Prefilled.Syringe
1360,43012293,hydroxyethyl.starch.130-0.4
1361,19020477,Nitrogen
1362,19055153,Flumazenil
1363,730729,Pentobarbital
1364,19052903,Promazine
1365,19008012,Tiapride
1366,19115044,prothipendyl
1367,1775741,Cefoxitin
1368,19093225,pipamperone
1369,19098741,Levobupivacaine
1370,19103572,Air
1371,42903847,ethylene.glycol
1372,19022417,Heroin
1373,19047756,Carbon.Monoxide
1374,1515249,troglitazone
1375,1353011,Dexrazoxane
1376,19011091,deferiprone
1377,40230597,ceftaroline
1378,742594,trichloroacetaldehyde
1379,794147,Maprotiline
1380,19046654,Piracetam
1381,905518,Methylene.blue
1382,909795,nepafenac
1383,929504,proparacaine
1384,42904298,ocriplasmin
1385,19063605,pegaptanib
1386,43013884,alogliptin
1387,40224159,alcaftadine
1388,40154612,Calcium.Citrate./.Vitamin.D.Oral.Powder
1389,19047076,Pizotyline
1390,19122168,Human.vaccinia.immune.globulin
1391,933952,Pheniramine
1392,42709325,tafluprost
1393,750119,Ethosuximide
1394,19006586,rufinamide
1395,42904177,perampanel
1396,19050104,Carnitine
1397,795661,felbamate
1398,1391846,Lomustine
1399,910232,Cyclopentolate
1400,40127934,brimonidine./.Timolol.Ophthalmic.Solution
1401,40161662,besifloxacin
1402,19102109,zotepine
1403,19073699,Hyaluronidase
1404,19084693,reboxetine
1405,1710446,Cycloserine
1406,1750074,Ethionamide
1407,19134000,Piribedil
1408,40166461,Pralatrexate
1409,529116,"L1.protein,.Human.papillomavirus.type.6.Vaccine"
1410,19092139,lepirudin
1411,19011437,icodextrin
1412,45775206,pirfenidone
1413,19093366,Pirarubicin
1414,19071869,Calcium.Aspartate
1415,19080959,Nordazepam
1416,19058896,calcium.lactate
1417,1436169,Antithrombin.III
1418,40173582,Alendronate./.Cholecalciferol.Oral.Tablet
1419,19050216,Cilazapril
1420,1389464,Levamisole
1421,1514412,Nandrolone
1422,40141015,Dextromethorphan./.Guaifenesin.Oral.Granules
1423,40140306,Loratadine./.Pseudoephedrine.Extended.Release.Oral.Capsule
1424,19017241,iloperidone
1425,1351935,factor.IX
1426,19080406,ANTI-INHIBITOR.COAGULANT.COMPLEX
1427,19030087,alizapride
1428,19101402,habekacin
1429,19071314,oxatomide
1430,19028950,Procaterol
1431,19098980,Ringer's.solution
1432,19015423,BCG.Vaccine
1433,19049059,Potassium.Aspartate
1434,19061406,Lymphocyte.immune.globulin
1435,19060985,Glutamine
1436,19072027,menatetrenone
1437,19009145,mequitazine
1438,19008972,Pneumococcal.vaccine
1439,1789428,Amprenavir
1440,19051865,Muromonab-CD3
1441,19049709,lornoxicam
1442,19050554,Etretinate
1443,42904283,"TOCOPHERYL.NICOTINATE,.D-.ALPHA."
1444,1836191,Streptomycin
1445,1800835,Cloxacillin
1446,19026096,Diflucortolone
1447,43532424,lysozyme
1448,19086176,"BCG,.Live,.Tice.Strain"
1449,45892628,nivolumab
1450,42899344,Maltose
1451,19001904,cefpirome
1452,45776944,idelalisib
1453,940183,Carbachol
1454,19011663,Balanced.salt.solution
1455,40174604,velaglucerase.alfa
1456,40226208,Pegloticase
1457,751698,Procaine
1458,19049350,Ethamsylate
1459,19071905,lithium.sulfate
1460,19053610,propiomazine
1461,19048046,L-methylfolate
1462,43525871,Cytosine
1463,943852,xylometazoline
1464,19055982,Flupenthixol
1465,43012692,Ethinyl.Estradiol./.Etonogestrel.Vaginal.Ring
1466,40168938,ecallantide
1467,913440,nabilone
1468,19007652,Gadobenate
1469,939976,sodium.sulfate
1470,19025698,Diethylcarbamazine
1471,19029393,aceclofenac
1472,745790,Pimozide
1473,19042545,treosulfan
1474,19095002,Chlorprothixene
1475,19022446,pentaerythritol
1476,19018518,bamifylline
1477,1147878,zileuton
1478,19071236,lactitol
1479,1597235,follitropin.beta
1480,1563413,Ritodrine
1481,1036094,Stannous.Fluoride
1482,19131663,Perazine
1483,1036667,Talc
1484,19129635,Opipramol
1485,19005147,Methotrimeprazine
1486,40045126,Hydrochlorothiazide./.telmisartan.Oral.Tablet
1487,19025498,piretanide
1488,1588986,"insulin.human,.rDNA.origin"
1489,19089992,diphenidol
1490,19097481,Cinnarizine
1491,40166020,rimabotulinumtoxinB
1492,19051642,denileukin.diftitox
1493,1714527,Demeclocycline
1494,43526934,RADIUM.CHLORIDE.RA-223
1495,1392182,Grape.Seed.Extract
1496,19057932,beractant
1497,1515417,Urofollitropin
1498,1503983,cetrorelix
1499,40242044,icatibant
1500,43014182,mipomersen
1501,19067803,Sincalide
1502,40018135,Betamethasone./.Clotrimazole.Topical.Ointment
1503,40067745,Nystatin./.Triamcinolone.Topical.Ointment
1504,19024249,Clodronic.Acid
1505,1798476,Clofazimine
